ID,学生名字,所属班级
724,tom_5,二班
725,tom_6,二班
726,tom_7,二班
727,tom_8,二班
728,tom_9,二班
729,tom_10,二班
730,tom_11,二班
731,tom_12,二班
732,tom_13,二班
733,tom_14,二班
734,tom_15,二班
735,tom_16,二班
736,tom_17,二班
737,tom_18,二班
738,tom_19,二班
739,tom_20,二班
740,tom_21,二班
741,tom_22,二班
742,tom_23,二班
743,tom_24,二班
744,tom_25,二班
745,tom_26,二班
746,tom_27,二班
747,tom_28,二班
748,tom_29,二班
749,tom_30,二班
750,tom_31,二班
751,tom_32,二班
752,tom_33,二班
753,tom_34,二班
754,tom_35,二班
755,tom_36,二班
756,tom_37,二班
757,tom_38,二班
758,tom_39,二班
759,tom_40,二班
760,tom_41,二班
761,tom_42,二班
762,tom_43,二班
763,tom_44,二班
764,tom_45,二班
765,tom_46,二班
766,tom_47,二班
767,tom_48,二班
768,tom_49,二班
769,tom_50,二班
770,tom_51,二班
771,tom_52,二班
772,tom_53,二班
773,tom_54,二班
774,tom_55,二班
775,tom_56,二班
776,tom_57,二班
777,tom_58,二班
778,tom_59,二班
779,tom_60,二班
780,tom_61,二班
781,tom_62,二班
782,tom_63,二班
783,tom_64,二班
784,tom_65,二班
785,tom_66,二班
786,tom_67,二班
787,tom_68,二班
788,tom_69,二班
789,tom_70,二班
790,tom_71,二班
791,tom_72,二班
792,tom_73,二班
793,tom_74,二班
794,tom_75,二班
795,tom_76,二班
796,tom_77,二班
797,tom_78,二班
798,tom_79,二班
799,tom_80,二班
800,tom_81,二班
801,tom_82,二班
802,tom_83,二班
803,tom_84,二班
804,tom_85,二班
805,tom_86,二班
806,tom_87,二班
807,tom_88,二班
808,tom_89,二班
809,tom_90,二班
810,tom_91,二班
811,tom_92,二班
812,tom_93,二班
813,tom_94,二班
814,tom_95,二班
815,tom_96,二班
816,tom_97,二班
817,tom_98,二班
818,tom_99,二班
