学生名字,所属班级
tom_5,二班
tom_6,二班
tom_7,二班
tom_8,二班
tom_9,二班
tom_10,二班
tom_11,二班
tom_12,二班
tom_13,二班
tom_14,二班
tom_15,二班
tom_16,二班
tom_17,二班
tom_18,二班
tom_19,二班
tom_20,二班
tom_21,二班
tom_22,二班
tom_23,二班
tom_24,二班
tom_25,二班
tom_26,二班
tom_27,二班
tom_28,二班
tom_29,二班
tom_30,二班
tom_31,二班
tom_32,二班
tom_33,二班
tom_34,二班
tom_35,二班
tom_36,二班
tom_37,二班
tom_38,二班
tom_39,二班
tom_40,二班
tom_41,二班
tom_42,二班
tom_43,二班
tom_44,二班
tom_45,二班
tom_46,二班
tom_47,二班
tom_48,二班
tom_49,二班
tom_50,二班
tom_51,二班
tom_52,二班
tom_53,二班
tom_54,二班
tom_55,二班
tom_56,二班
tom_57,二班
tom_58,二班
tom_59,二班
tom_60,二班
tom_61,二班
tom_62,二班
tom_63,二班
tom_64,二班
tom_65,二班
tom_66,二班
tom_67,二班
tom_68,二班
tom_69,二班
tom_70,二班
tom_71,二班
tom_72,二班
tom_73,二班
tom_74,二班
tom_75,二班
tom_76,二班
tom_77,二班
tom_78,二班
tom_79,二班
tom_80,二班
tom_81,二班
tom_82,二班
tom_83,二班
tom_84,二班
tom_85,二班
tom_86,二班
tom_87,二班
tom_88,二班
tom_89,二班
tom_90,二班
tom_91,二班
tom_92,二班
tom_93,二班
tom_94,二班
tom_95,二班
tom_96,二班
tom_97,二班
tom_98,二班
tom_99,二班
